{
  "accuracy": 0.798,
  "macro_f1": 0.7886355921606678,
  "macro_precision": 0.789523336715179,
  "macro_recall": 0.7886608144265326,
  "log_loss": 0.604379225219202,
  "top3_acc": 0.966,
  "top3_f1": 0.982706002034588
}