{
  "accuracy": 0.7846666666666666,
  "macro_f1": 0.7734675105753188,
  "macro_precision": 0.7746930834973421,
  "macro_recall": 0.7743545013202485,
  "top3_acc": 0.9586666666666667,
  "top3_f1": 0.9788972089857045,
  "log_loss": 0.6415475247430706
}